aa,chain,rid,mut,mutid,ddg
LYS,F,1759,K,KF1759K,0.0
LYS,F,1759,G,KF1759G,0.533241
LYS,F,1759,A,KF1759A,0.82555
LYS,F,1759,L,KF1759L,0.50386
LYS,F,1759,V,KF1759V,0.924767
LYS,F,1759,I,KF1759I,0.662461
LYS,F,1759,P,KF1759P,0.647318
LYS,F,1759,R,KF1759R,-0.299045
LYS,F,1759,T,KF1759T,1.53763
LYS,F,1759,S,KF1759S,0.517059
LYS,F,1759,C,KF1759C,0.938905
LYS,F,1759,M,KF1759M,0.31615
LYS,F,1759,K,KF1759K,0.0
LYS,F,1759,E,KF1759E,2.26369
LYS,F,1759,Q,KF1759Q,0.651313
LYS,F,1759,D,KF1759D,2.79724
LYS,F,1759,N,KF1759N,0.743386
LYS,F,1759,W,KF1759W,1.45493
LYS,F,1759,Y,KF1759Y,3.52877
LYS,F,1759,F,KF1759F,2.3805
LYS,F,1759,H,KF1759H,0.25213
