pdb_chain,mut_from,mut_to,gene_no,ddg
A,GLY,LYS,5,2.72292
A,GLU,LYS,6,0.638272
A,GLY,SER,20,4.51884
A,SER,PHE,22,0.409139
A,ARG,TRP,24,0.116685
A,GLY,ARG,26,4.35729
A,PRO,LEU,31,-0.0872962
A,PRO,LEU,33,0.222023
A,GLY,GLU,42,2.62939
A,PRO,SER,44,0.13338
A,ARG,LYS,45,-0.0303308
A,THR,ILE,53,2.92081
A,THR,SER,53,-0.222428
A,PRO,LEU,56,-2.08344
A,ALA,VAL,64,0.288701
A,GLY,SER,68,4.21948
A,SER,PHE,69,-1.13599
A,ASP,ASN,71,-0.19687
A,SER,PHE,79,-0.840365
A,GLY,SER,87,-0.418197
A,SER,CYS,88,0.227286
A,PRO,SER,90,-0.701938
A,GLY,GLU,92,1.38814
A,PRO,PHE,100,-1.62922
A,PRO,SER,107,-1.44671
A,ALA,VAL,132,2.37698
A,PRO,SER,192,-1.23203
A,GLY,ARG,198,2.8099
A,VAL,ILE,200,0.00676979
A,PRO,LEU,201,-2.73755
A,TYR,HIS,204,0.227566
A,HIS,TYR,208,-0.205535
A,ARG,GLN,213,0.164719
A,GLY,LYS,221,2.38797
A,GLY,LYS,239,-0.623496
A,GLY,VAL,239,-0.00743379
A,GLY,ARG,245,1.99897
A,GLY,LYS,260,-0.269015
A,GLY,SER,273,-0.00602415
A,GLY,VAL,291,4.79044
A,ARG,CYS,298,0.882389
A,SER,ALA,302,-0.0112836
A,GLY,ARG,303,2.99143
A,GLU,LYS,310,-0.38782
A,PRO,PHE,315,-2.61054
A,PRO,LEU,318,1.47852
A,PRO,SER,318,-0.170686
A,GLU,LYS,327,-0.0303592
A,ASN,SER,342,0.385755
A,GLY,ARG,347,1.91186
A,GLY,VAL,347,2.56998
A,ALA,THR,351,1.00654
A,ALA,VAL,354,1.56751
A,TYR,CYS,359,3.23782
A,PHE,VAL,364,5.19124
A,VAL,ASP,365,2.31424
A,CYS,TYR,369,0.188068
A,ARG,HIS,374,1.42617
A,TYR,ASN,386,3.0934
A,ASP,ASN,390,0.731208
A,GLY,ARG,395,-0.545914
A,GLU,LYS,398,-1.31566
A,CYS,SER,406,0.620635
A,LEU,SER,411,0.937385
A,GLU,LYS,412,0.401081
A,GLN,HIS,416,0.728079
A,GLY,GLU,419,2.2203
A,HIS,ARG,423,0.108078
A,PRO,LEU,424,2.00908
A,PHE,LEU,427,1.68909
A,ARG,GLN,428,1.47137
A,ASN,SER,433,0.812325
A,ASP,TYR,437,0.710493
A,SER,PHE,446,-0.590732
A,VAL,GLY,449,4.28488
A,PRO,LEU,472,2.01825
A,ARG,TRP,487,0.231438
A,HIS,TYR,495,-1.22451
A,ASP,VAL,505,0.466365
A,GLU,LYS,507,-0.159209
A,PRO,LEU,513,1.1629
A,PRO,SER,513,2.62798
A,PRO,SER,534,0.669215
