pdb_chain,mut_from,mut_to,gene_no,ddg,score
A,GLY,LYS,5,2.72292,10.0
A,GLU,LYS,6,0.638272,10.0
A,GLY,SER,20,4.51884,10.0
A,SER,PHE,22,0.409139,10.0
A,ARG,TRP,24,0.116685,10.0
A,GLY,ARG,26,4.35729,10.0
A,PRO,LEU,31,-0.0872962,10.0
A,PRO,LEU,33,0.222023,10.0
A,GLY,GLU,42,2.62939,10.0
A,PRO,SER,44,0.13338,10.0
A,ARG,LYS,45,-0.0303308,10.0
A,THR,ILE,53,2.92081,10.0
A,THR,SER,53,-0.222428,10.0
A,PRO,LEU,56,-2.08344,10.0
A,ALA,VAL,64,0.288701,10.0
A,GLY,SER,68,4.21948,10.0
A,SER,PHE,69,-1.13599,10.0
A,ASP,ASN,71,-0.19687,10.0
A,SER,PHE,79,-0.840365,10.0
A,GLY,SER,87,-0.418197,10.0
A,SER,CYS,88,0.227286,10.0
A,PRO,SER,90,-0.701938,10.0
A,GLY,GLU,92,1.38814,10.0
A,PRO,PHE,100,-1.62922,10.0
A,PRO,SER,107,-1.44671,10.0
A,ALA,VAL,132,2.37698,10.0
A,PRO,SER,192,-1.23203,10.0
A,GLY,ARG,198,2.8099,10.0
A,VAL,ILE,200,0.00676979,10.0
A,PRO,LEU,201,-2.73755,10.0
A,TYR,HIS,204,0.227566,10.0
A,HIS,TYR,208,-0.205535,10.0
A,ARG,GLN,213,0.164719,10.0
A,GLY,LYS,221,2.38797,10.0
A,GLY,LYS,239,-0.623496,10.0
A,GLY,VAL,239,-0.00743379,10.0
A,GLY,ARG,245,1.99897,10.0
A,GLY,LYS,260,-0.269015,10.0
A,GLY,SER,273,-0.00602415,10.0
A,GLY,VAL,291,4.79044,10.0
A,ARG,CYS,298,0.882389,10.0
A,SER,ALA,302,-0.0112836,10.0
A,GLY,ARG,303,2.99143,10.0
A,GLU,LYS,310,-0.38782,10.0
A,PRO,PHE,315,-2.61054,10.0
A,PRO,LEU,318,1.47852,10.0
A,PRO,SER,318,-0.170686,10.0
A,GLU,LYS,327,-0.0303592,10.0
A,ASN,SER,342,0.385755,10.0
A,GLY,ARG,347,1.91186,10.0
A,GLY,VAL,347,2.56998,10.0
A,ALA,THR,351,1.00654,10.0
A,ALA,VAL,354,1.56751,10.0
A,TYR,CYS,359,3.23782,10.0
A,PHE,VAL,364,5.19124,10.0
A,VAL,ASP,365,2.31424,10.0
A,CYS,TYR,369,0.188068,10.0
A,ARG,HIS,374,1.42617,10.0
A,TYR,ASN,386,3.0934,10.0
A,ASP,ASN,390,0.731208,10.0
A,GLY,ARG,395,-0.545914,10.0
A,GLU,LYS,398,-1.31566,10.0
A,CYS,SER,406,0.620635,10.0
A,LEU,SER,411,0.937385,10.0
A,GLU,LYS,412,0.401081,10.0
A,GLN,HIS,416,0.728079,10.0
A,GLY,GLU,419,2.2203,10.0
A,HIS,ARG,423,0.108078,10.0
A,PRO,LEU,424,2.00908,10.0
A,PHE,LEU,427,1.68909,10.0
A,ARG,GLN,428,1.47137,10.0
A,ASN,SER,433,0.812325,10.0
A,ASP,TYR,437,0.710493,10.0
A,SER,PHE,446,-0.590732,10.0
A,VAL,GLY,449,4.28488,10.0
A,PRO,LEU,472,2.01825,10.0
A,ARG,TRP,487,0.231438,10.0
A,HIS,TYR,495,-1.22451,10.0
A,ASP,VAL,505,0.466365,10.0
A,GLU,LYS,507,-0.159209,10.0
A,PRO,LEU,513,1.1629,10.0
A,PRO,SER,513,2.62798,10.0
A,PRO,SER,534,0.669215,10.0
