aa,chain,rid,mut,mutid,ddg
GLN,A,411,Q,QA411Q,0.0
GLN,A,411,P,QA411P,-0.013006
ASP,A,412,D,DA412D,0.0
ASP,A,412,E,DA412E,-0.0840047
ASP,A,412,D,DA412D,0.0
ASP,A,412,V,DA412V,0.776765
ASP,A,412,D,DA412D,0.0
ASP,A,412,N,DA412N,-0.261092
ASP,A,412,D,DA412D,0.0
ASP,A,412,A,DA412A,-0.554446
ASP,A,412,D,DA412D,0.0
ASP,A,412,Y,DA412Y,-0.908834
ASP,A,412,D,DA412D,0.0
ASP,A,412,G,DA412G,-0.206179
VAL,A,413,V,VA413V,0.0
VAL,A,413,G,VA413G,0.311411
ASP,A,414,D,DA414D,0.0
ASP,A,414,S,DA414S,0.459183
GLU,A,415,E,EA415E,0.0
GLU,A,415,K,EA415K,-0.522215
CYS,A,416,C,CA416C,0.0
CYS,A,416,S,CA416S,0.932098
CYS,A,416,C,CA416C,0.0
CYS,A,416,R,CA416R,5.14613
CYS,A,416,C,CA416C,0.0
CYS,A,416,G,CA416G,0.869955
CYS,A,416,C,CA416C,0.0
CYS,A,416,F,CA416F,11.182
CYS,A,416,C,CA416C,0.0
CYS,A,416,W,CA416W,16.5908
LEU,A,418,L,LA418L,0.0
LEU,A,418,P,LA418P,9.96489
GLY,A,419,G,GA419G,0.0
GLY,A,419,V,GA419V,0.17933
GLY,A,419,G,GA419G,0.0
GLY,A,419,D,GA419D,0.116483
GLY,A,419,G,GA419G,0.0
GLY,A,419,S,GA419S,-0.456844
GLY,A,419,G,GA419G,0.0
GLY,A,419,R,GA419R,0.809987
GLY,A,419,G,GA419G,0.0
GLY,A,419,C,GA419C,-0.267662
PRO,A,422,P,PA422P,0.0
PRO,A,422,S,PA422S,1.70919
PRO,A,422,P,PA422P,0.0
PRO,A,422,C,PA422C,2.66795
PRO,A,422,P,PA422P,0.0
PRO,A,422,F,PA422F,1.48792
