aa,chain,rid,mut,mutid,ddg
GLN,A,411,Q,QA411Q,0.0
GLN,A,411,G,QA411G,-0.0914027
GLN,A,411,A,QA411A,-0.0204884
GLN,A,411,L,QA411L,-0.0767126
GLN,A,411,V,QA411V,0.119717
GLN,A,411,I,QA411I,-0.0580994
GLN,A,411,P,QA411P,-0.013006
GLN,A,411,R,QA411R,-0.286176
GLN,A,411,T,QA411T,0.0607798
GLN,A,411,S,QA411S,0.0136437
GLN,A,411,C,QA411C,0.00978181
GLN,A,411,M,QA411M,-0.314772
GLN,A,411,K,QA411K,-0.156183
GLN,A,411,E,QA411E,0.106196
GLN,A,411,Q,QA411Q,0.0
GLN,A,411,D,QA411D,0.140594
GLN,A,411,N,QA411N,0.0919339
GLN,A,411,W,QA411W,-0.433664
GLN,A,411,Y,QA411Y,0.228406
GLN,A,411,F,QA411F,0.187395
GLN,A,411,o,QA411o,0.0362188
ASP,A,412,D,DA412D,0.0
ASP,A,412,G,DA412G,-0.206179
ASP,A,412,A,DA412A,-0.561286
ASP,A,412,L,DA412L,-1.17027
ASP,A,412,V,DA412V,0.776765
ASP,A,412,I,DA412I,1.13142
ASP,A,412,P,DA412P,1.4204
ASP,A,412,R,DA412R,-0.528776
ASP,A,412,T,DA412T,0.212211
ASP,A,412,S,DA412S,-0.0612825
ASP,A,412,C,DA412C,-0.555293
ASP,A,412,M,DA412M,-1.04132
ASP,A,412,K,DA412K,-0.177083
ASP,A,412,E,DA412E,-0.0840047
ASP,A,412,Q,DA412Q,0.359003
ASP,A,412,D,DA412D,-4.54747e-13
ASP,A,412,N,DA412N,-0.140558
ASP,A,412,W,DA412W,-1.18968
ASP,A,412,Y,DA412Y,-0.915674
ASP,A,412,F,DA412F,-0.932693
ASP,A,412,e,DA412e,-0.201581
VAL,A,413,V,VA413V,0.0
VAL,A,413,G,VA413G,0.311411
VAL,A,413,A,VA413A,0.37919
VAL,A,413,L,VA413L,-0.254233
VAL,A,413,V,VA413V,0.00997722
VAL,A,413,I,VA413I,-0.282345
VAL,A,413,P,VA413P,0.821856
VAL,A,413,R,VA413R,-0.351964
VAL,A,413,T,VA413T,0.172096
VAL,A,413,S,VA413S,0.295335
VAL,A,413,C,VA413C,0.150836
VAL,A,413,M,VA413M,-0.0835609
VAL,A,413,K,VA413K,-0.46078
VAL,A,413,E,VA413E,0.479943
VAL,A,413,Q,VA413Q,-0.120755
VAL,A,413,D,VA413D,0.936629
VAL,A,413,N,VA413N,0.362851
VAL,A,413,W,VA413W,0.0355039
VAL,A,413,Y,VA413Y,0.00154755
VAL,A,413,F,VA413F,-0.00145677
VAL,A,413,H,VA413H,0.463422
ASP,A,414,D,DA414D,0.0
ASP,A,414,G,DA414G,0.0420193
ASP,A,414,A,DA414A,-0.735328
ASP,A,414,L,DA414L,-0.724713
ASP,A,414,V,DA414V,1.33072
ASP,A,414,I,DA414I,0.786646
ASP,A,414,P,DA414P,-1.82782
ASP,A,414,R,DA414R,-0.574533
ASP,A,414,T,DA414T,1.41675
ASP,A,414,S,DA414S,0.448951
ASP,A,414,C,DA414C,0.349997
ASP,A,414,M,DA414M,-0.798154
ASP,A,414,K,DA414K,-0.969713
ASP,A,414,E,DA414E,-0.0401576
ASP,A,414,Q,DA414Q,-0.263239
ASP,A,414,D,DA414D,3.97904e-13
ASP,A,414,N,DA414N,0.104927
ASP,A,414,W,DA414W,1.91112
ASP,A,414,Y,DA414Y,1.93162
ASP,A,414,F,DA414F,0.691195
ASP,A,414,o,DA414o,1.22262
