source,gene,accession,pdb,method,resolution,chain,pdb_start,pdb_end,gene_start,gene_end,coverage,score
SMHOM,NOTCH1,P46531,smhom_3l95_1_c_1448_1726,,,C,1448,1726,1448,1726,0.1092,0.6302781701087952
SMHOM,NOTCH1,P46531,smhom_6py8_1_e_1759_2119,,,E,1759,2119,1759,2119,0.1413,0.6131910085678101
SMHOM,NOTCH1,P46531,smhom_4xbm_2_a_283_527,,,A,283,527,283,527,0.0959,0.43365272879600525
SMHOM,NOTCH1,P46531,smhom_4xbm_2_a_931_1144,,,A,931,1144,931,1144,0.0838,0.43476179242134094
SMHOM,NOTCH1,P46531,smhom_4xbm_2_a_47_294,,,A,47,294,47,294,0.0971,0.4231692850589752
SMHOM,NOTCH1,P46531,smhom_4xbm_2_a_778_1020,,,A,778,1020,778,1020,0.0951,0.4432784914970398
SMHOM,NOTCH1,P46531,smhom_4xbm_2_a_663_906,,,A,663,906,663,906,0.0955,0.4327971041202545
SMHOM,NOTCH1,P46531,smhom_4xbm_2_a_985_1220,,,A,985,1220,985,1220,0.0924,0.4398646354675293
SMHOM,NOTCH1,P46531,smhom_4xbm_2_a_201_489,,,A,201,489,201,489,0.1131,0.42024821043014526
SMHOM,NOTCH1,P46531,smhom_4xbm_2_a_741_982,,,A,741,982,741,982,0.0947,0.4409240186214447
SMHOM,NOTCH1,P46531,smhom_4xbm_2_a_20_256,,,A,20,256,20,256,0.0928,0.4371660351753235
