pdb_chain,mut_from,mut_to,gene_no,ddg
A,PRO,HIS,1508,3.07693
B,PRO,HIS,1508,3.07693
A,ILE,ASN,1509,1.82554
B,ILE,ASN,1509,1.82554
A,GLU,LYS,1517,-0.410175
B,GLU,LYS,1517,-0.410175
A,ARG,CYS,1524,1.47705
B,ARG,CYS,1524,1.47705
A,GLU,LYS,1527,0.013696
B,GLU,LYS,1527,0.013696
A,ALA,VAL,1547,-0.59215
B,ALA,VAL,1547,-0.59215
A,SER,PHE,1555,0.0942322
B,SER,PHE,1555,0.0942322
A,VAL,ILE,1561,0.0632441
B,VAL,ILE,1561,0.0632441
B,PRO,LEU,5343,3.07591
D,PRO,LEU,5343,1.1182
K,PRO,LEU,5343,0.656462
K,SER,CYS,5361,0.0223599
K,SER,ARG,5366,-0.124877
K,THR,ILE,5374,0.215215
K,PRO,SER,5375,0.89003
K,SER,PHE,5383,-0.0160814
A,SER,LEU,5385,-0.233228
K,SER,LEU,5385,-1.36677
A,ALA,VAL,5402,0.954184
K,ALA,VAL,5402,1.06739
A,GLY,LYS,5410,3.40445
K,GLY,LYS,5410,12.1113
A,VAL,LEU,5423,-0.666134
K,VAL,LEU,5423,-0.595617
A,GLY,SER,5428,9.77181
K,GLY,SER,5428,6.58509
A,VAL,MET,5435,-0.35275866666666666
K,VAL,MET,5435,0.116705
A,ALA,VAL,5436,1.734913333333333
K,ALA,VAL,5436,-0.973606
A,ARG,TRP,5438,0.054593333333333334
K,ARG,TRP,5438,0.859839
A,ARG,GLN,5439,0.18856166666666666
K,ARG,GLN,5439,0.0721735
A,ALA,VAL,5463,5.472716666666667
K,ALA,VAL,5463,1.5643
A,THR,ILE,5466,-0.018958
K,THR,ILE,5466,-0.267397
A,THR,PRO,5466,1.8630866666666666
K,THR,PRO,5466,2.59508
A,GLY,SER,5467,8.488576666666667
K,GLY,SER,5467,3.43833
A,GLY,ASP,5468,0.840882
K,GLY,ASP,5468,-0.0713611
A,PRO,SER,5469,3.1552366666666667
K,PRO,SER,5469,1.77112
A,ALA,VAL,5470,0.40055599999999997
K,ALA,VAL,5470,0.80493
A,ARG,LYS,5471,0.6309053333333333
K,ARG,LYS,5471,0.258624
A,PRO,LEU,5479,2.2420933333333335
K,PRO,LEU,5479,0.800199
A,PRO,SER,5479,1.6359733333333333
K,PRO,SER,5479,1.05563
A,CYS,TYR,5481,6.146003333333333
K,CYS,TYR,5481,4.38208
A,VAL,MET,5486,-1.21805
K,VAL,MET,5486,-1.11294
A,ILE,LEU,5497,-0.08467150000000001
K,ILE,LEU,5497,-0.319125
A,SER,PHE,5498,9.603006666666667
K,SER,PHE,5498,10.1851
A,ARG,GLN,5501,0.33524166666666666
K,ARG,GLN,5501,0.619174
A,PRO,SER,5503,1.8056266666666667
K,PRO,SER,5503,2.06303
A,THR,ALA,5509,0.03723133333333332
K,THR,ALA,5509,0.0521423
A,PRO,LEU,5524,1.16305
K,PRO,LEU,5524,1.30228
A,PRO,SER,5524,1.0343
K,PRO,SER,5524,2.20502
A,GLY,GLU,5528,2.48342
K,GLY,GLU,5528,2.1601
