gene,all_bg_count,all_bg_mean,all_bg_median,all_var_count,all_var_mean,all_var_median,all_p_value,mean_bg_count,mean_bg_mean,mean_bg_median,mean_var_count,mean_var_mean,mean_var_median,mean_p_value
AJUBA,10222,0.8260275688483663,0.35044050000000004,83,0.8527730367469878,0.409139,0.4557290583117125,10222,0.8260275688483663,0.35044050000000004,83,0.8527730367469878,0.409139,0.4557290583117125
